row_id,ground_truth_label,justification
11,2,"REJECT because the critical 'dispenser pump' feature is missing."
12,2,"REJECT because the critical 'dispenser pump' feature is missing."
13,2,"REJECT because the critical 'dispenser pump' feature is missing."
14,0,"ACCEPT as all three conditions (dispenser, rating, num_ratings) are met."
15,2,"REJECT because the critical 'dispenser pump' feature is missing."
16,2,"REJECT because the critical 'dispenser pump' feature is missing."
18,2,"REJECT because the critical 'dispenser pump' feature is missing."
19,2,"REJECT because the critical 'dispenser pump' feature is missing."
20,2,"REJECT because the critical 'dispenser pump' feature is missing."
33,1,"RECOMMEND because the critical 'dispenser pump' feature is present, but a secondary filter (rating) fails."
88,0,"ACCEPT as all three conditions (dispenser, rating, num_ratings) are met."
106,2,"REJECT because the critical 'dispenser pump' feature is missing."
271,2,"REJECT because the critical 'dispenser pump' feature is missing."
309,2,"REJECT because the critical 'dispenser pump' feature is missing."
344,2,"REJECT because the critical 'dispenser pump' feature is missing."